marrom,brown
vermelho,red
rosa,pink
laranja,orange
branco,white
amarelo,yellow
cinza,cinnamon
multicolorido,multicolored
por favor,please
falso
obrigado,thank you
abril
absoluto
absurdo
agosto
anual
ativo,active
básico,basic
científico,scientific
clássico,classic/classical
cómico,comic
discreto,discreet
enorme,enormous
exato,exact
excelente,excellent
elétrico,electric
esplêndido,splendid
metropolitano,metropolitan
moderno,modern
mico,magic
local,local
longo,long
legal,legal
ilegal,illegal
impossível,impossible
incorreto,incorrect
honesto,honest/decent
habitual,habitual
freqüente,frequent
famoso,famous
natural,natural
naturalmente,naturally
náutico,nautical
necessário,necessary
normal,normal
ocupado,occupied
ordinário,ordinary
oriental,oriental
original,original
oval,oval
social,social
sólido,solid
vários,various
usado,used
usual,usual
válido,valid
último,ultimate
urgente,urgent
triunfante,triumphant
trivial,trivial
tropical,tropical
tranqüilo,tranquil/quiet/peaceful
transparente,transparent
trágico,tragic
tipico,typical
técnico,technical
simples,simple
simultâneo,simultaneous
severo,severe
romântico,romantic
romano,Roman
relaxando,relaxed
regular,regular
rápido,rapid
proibido,prohibited/forbidden
principal,principal/main
preciso,precise
precioso,precious
possível,possible
perfeito,perfect
juvenil,juvenile
grave,grave/serious
sério
delicado
fundo
inferior
urbano
capaz,capable
instantaneamente
empregado
diferente
seco
próprio
direto
maior
baixo
fácil

o/a estudante
a/o artista,artist
o/a pianista,pianist
o/a turista,tourist
o/a jornalista,journalist
o cuveiro,